"Joined At","First Name","Last Name","Email","Mobile","Member Type","Check Number","Type","Year","Price Paid","Status","Would you like to be added to a no-obligation volunteer email list?","student_1_grade","Member_2_-_Email","student_1_full_name","student_2_full_name","Member_2_-_Last name","Member_2_-_First name","student_1_grade_level","student_2_grade_level","student_2_grade","student_3_grade","student_3_full_name","student_4_full_name"
"05/31/2022 at 7:54 am","Alex","Johnson","user001@example.com","5551234567","Faculty/Staff","","Store Purchase","2021 - 2022","$10.00","","","","","","","","","","",""
"05/11/2022 at 2:34 pm","Jordan","Smith","user002@example.com","5552345678","Faculty/Staff","","Store Purchase","2021 - 2022","$10.00","","","","","","","","","","",""
"05/03/2022 at 8:23 am","Casey","Williams","user003@example.com","5553456789","Faculty/Staff","","Store Purchase","2021 - 2022","$10.00","","","","","","","","","","",""
"02/14/2022 at 3:10 pm","Morgan","Brown","user004@example.com","","Faculty/staff","","Store Purchase","2021 - 2022","$10.00","","No","","","","","","","","",""
"02/11/2022 at 6:46 pm","Taylor","Davis","user005@example.com","5554567890","Faculty/staff","","Store Purchase","2021 - 2022","$10.00","","","","","","","","","","",""
"02/11/2022 at 2:59 pm","Cameron","Miller","user006@example.com","555-6789012","Faculty/staff","","Store Purchase","2021 - 2022","$10.00","","","","","","","","","","",""
"01/31/2022 at 11:40 am","Riley","Wilson","user007@example.com","5555678901","Faculty/staff","","Store Purchase","2021 - 2022","$10.00","","","","","","","","","","",""
"01/04/2022 at 9:13 am","Blake","Moore","user008@example.com","5556789012","Parent/guardian","","Store Purchase","2021 - 2022","$30.00","","Yes","3","user008b@example.com","Student One Moore","Student Two Moore","Moore","Guardian One","","",""
"12/17/2021 at 11:34 am","Quinn","Taylor","user009@example.com","5557890123","Parent/guardian","","Store Purchase","2021 - 2022","$30.00","","Yes","1","user009b@example.com","Student One Taylor","","Taylor","Guardian One","","",""
"12/06/2021 at 8:21 am","Avery","Anderson","user010@example.com","5558901234","Faculty/staff","","Store Purchase","2021 - 2022","$10.00","","","","","","","","","","",""
"12/04/2021 at 6:54 pm","Sage","Thomas","user011@example.com","5559012345","Faculty/staff","","Store Purchase","2021 - 2022","$10.00","","","","","","","","","","",""
"11/30/2021 at 5:20 pm","River","Jackson","user012@example.com","5560123456","Parent/guardian","","Store Purchase","2021 - 2022","$12.00","","Yes","","","Student One Jackson","Student Two Jackson","","","5","4",""
"11/30/2021 at 11:39 am","Dana","White","user013@example.com","5561234567","Faculty/staff","","Store Purchase","2021 - 2022","$10.00","","","","","","","","","","",""
"11/14/2021 at 11:16 am","Robin","Harris","user014@example.com","5562345678","Faculty/staff","","Store Purchase","2021 - 2022","$10.00","","","","","","","","","","",""
"11/13/2021 at 7:44 am","Skyler","Martin","user015@example.com","5563456789","Faculty/staff","","Store Purchase","2021 - 2022","$10.00","","","","","","","","","","",""
"11/13/2021 at 6:25 am","Parker","Lee","user016@example.com","5564567890","Faculty/staff","","Store Purchase","2021 - 2022","$10.00","","","","","","","","","","",""
"11/11/2021 at 2:52 pm","Reese","Walker","user017@example.com","5565678901","Parent/guardian","","Store Purchase","2021 - 2022","$30.00","","Yes","5","user017b@example.com","Student One Walker","Student Two Walker","Walker","Guardian One","","","2"
"11/11/2021 at 11:37 am","Emerson","Hall","user018@example.com","5566789012","Parent/guardian","","Store Purchase","2021 - 2022","$30.00","","Yes","1","user018b@example.com","Student One Hall","Student Two Hall","Hall","Guardian One","","",""
"11/11/2021 at 8:54 am","Indigo","Young","user019@example.com","5567890123","Parent/guardian","","Store Purchase","2021 - 2022","$30.00","","Yes","2","user019b@example.com","Student One Young","Student Two Young","Young","Guardian One","","","K"
"11/11/2021 at 8:30 am","Ocean","King","user020@example.com","5568901234","Parent/guardian","","Store Purchase","2021 - 2022","$30.00","","Yes","2","user020b@example.com","Student One King","Student Two King","King","Guardian One","","","K"
"11/11/2021 at 8:23 am","Spencer","Wright","user021@example.com","5569012345","Faculty/staff","","Store Purchase","2021 - 2022","$10.00","","","","","","","","","","",""
"11/10/2021 at 7:46 am","Charlie","Lopez","user022@example.com","5560123456","Parent/guardian","","Store Purchase","2021 - 2022","$30.00","","No","K","user022b@example.com","Student One Lopez","","Lopez","Guardian One","","",""
"11/09/2021 at 3:45 pm","Sloan","Hill","user023@example.com","555-7654321","Faculty/staff","","Store Purchase","2021 - 2022","$10.00","","","","","","","","","","",""
"11/01/2021 at 11:36 pm","Blake","Scott","user024@example.com","","Parent/guardian","","Cash","2021 - 2022","$30.00","","No","5","user024b@example.com","Student One Scott","","Scott","Guardian One","","",""
"10/30/2021 at 9:21 pm","Casey","Green","user025@example.com","","Faculty/staff","","Store Purchase","2021 - 2022","$10.00","","","","","","","","","","",""
"10/22/2021 at 2:42 pm","Jordan","Adams","user026@example.com","5561111111","Faculty/staff","","Store Purchase","2021 - 2022","$10.00","","","","","","","","","","",""
"10/22/2021 at 1:24 pm","Morgan","Nelson","user027@example.com","","Parent/guardian","","Cash","2021 - 2022","$75.00","","Yes","K","","Student One Nelson","","Nelson","Guardian One","","",""
"10/22/2021 at 1:22 pm","Taylor","Carter","user028@example.com","","Parent/guardian","","Cash","2021 - 2022","$75.00","","Yes","3","","Student One Carter","","Carter","Guardian One","","",""
"10/22/2021 at 1:16 pm","Cameron","Mitchell","user029@example.com","","Parent/guardian","","Cash","2021 - 2022","$30.00","","No","2","user029b@example.com","Student One Mitchell","","Mitchell","Guardian One","","",""
"10/22/2021 at 1:14 pm","Riley","Perez","user030@example.com","","Parent/guardian","","Cash","2021 - 2022","$12.00","","Yes","","","Student One Perez","","","","3","",""
"10/22/2021 at 1:11 pm","Blake","Roberts","user031@example.com","","Parent/guardian","","Cash","2021 - 2022","$12.00","Voided","Yes","","","Student One Roberts","","","","3","",""
"10/22/2021 at 1:10 pm","Avery","Phillips","user032@example.com","","Parent/guardian","","Cash","2021 - 2022","$30.00","","No","2","user032b@example.com","Student One Phillips","Student Two Phillips","Phillips","Guardian One","","","4"
"10/22/2021 at 9:59 am","Quinn","Campbell","user033@example.com","5562222222","Parent/guardian","","Store Purchase","2021 - 2022","$12.00","","Yes","","","Student One Campbell","","","","1","",""
"10/18/2021 at 4:11 pm","Sage","Parker","user034@example.com","5563333333","Parent/guardian","","Store Purchase","2021 - 2022","$30.00","","Yes","K","user034b@example.com","Student One Parker ","Student Two Parker ","Parker","Guardian One ","","","4"
"10/18/2021 at 3:15 pm","River","Evans","user035@example.com","555-4444444 ","Business","","Store Purchase","2021 - 2022","$10.00","","Yes","","","","","","","","",""
"10/18/2021 at 11:36 am","Dana","Edwards","user036@example.com","5565555555","Parent/guardian","","Store Purchase","2021 - 2022","$30.00","","No","2","user036b@example.com","Student One Edwards","Student Two Edwards","Edwards","Guardian One","","",""
"10/14/2021 at 9:29 pm","Robin","Collins","user037@example.com","","Faculty/staff","482","Check","2021 - 2022","$10.00","","","","","","","","","","",""
"10/11/2021 at 2:38 pm","Skyler","Reeves","user038@example.com","","Faculty/staff","","Store Purchase","2021 - 2022","$10.00","","","","","","","","","","",""
"10/11/2021 at 2:27 pm","Parker","Morris","user039@example.com","5566666666","Faculty/staff","","Store Purchase","2021 - 2022","$10.00","","","","","","","","","","",""
"10/09/2021 at 9:10 am","Reese","Rogers","user040@example.com","5567777777","Faculty/staff","","Store Purchase","2021 - 2022","$10.00","","","","","","","","","","",""
"10/07/2021 at 12:03 pm","Emerson","Morgan","user041@example.com","5568888888","Parent/guardian","","Store Purchase","2021 - 2022","$30.00","","Yes","3","user041b@example.com","Student One Morgan","Student Two Morgan","Morgan","Guardian One","","","1"
"10/07/2021 at 8:55 am","Indigo","Peterson","user042@example.com","555-9999999","Faculty/staff","","Store Purchase","2021 - 2022","$10.00","","","","","","","","","","",""
"10/06/2021 at 7:31 pm","Ocean","Cooper ","user043@example.com","user043@example.com","Parent/guardian","","Cash","2021 - 2022","$30.00","","Yes","5","user043b@example.com","Student One Cooper","Student Two Cooper","Cooper","Guardian One ","","","3"
"10/06/2021 at 6:29 pm","Spencer","Reed","user044@example.com","user044@example.com","Parent/guardian","","Cash","2021 - 2022","$12.00","","No","","","Student One Reed","","","","5","",""
"10/06/2021 at 6:28 pm","Charlie","Cook","user045@example.com","user045@example.com","Parent/guardian","","Cash","2021 - 2022","$12.00","","No","","","Student One Cook","","","","3","",""
"10/05/2021 at 3:07 pm","Sloan","Morgan","user046@example.com","","Parent/guardian","","Cash","2021 - 2022","$75.00","","No","5","","Student One Morgan","Student Two Morgan","Morgan","Guardian One ","","","3"
"10/05/2021 at 3:04 pm","Blake","Bell","user047@example.com","","Parent/guardian","","Cash","2021 - 2022","$30.00","","Yes","K","user047b@example.com","Student One Bell","Student Two Bell","Bell","Guardian One ","","","2"
"10/05/2021 at 3:02 pm","Casey","Murphy","user048@example.com","user048@example.com","Parent/guardian","","Cash","2021 - 2022","$30.00","","No","3","","Student One Murphy","Student Two Murphy ","","","","","1"
"10/05/2021 at 2:59 pm","Jordan","Bailey","user049@example.com","user049@example.com","Parent/guardian","","Cash","2021 - 2022","$30.00","","Yes","5","user049b@example.com","Student One Bailey","","Bailey","Guardian One","","",""
"10/05/2021 at 2:58 pm","Morgan","Rivera","user050@example.com","user050@example.com","Parent/guardian","","Cash","2021 - 2022","$30.00","","No","5","user050b@example.com","Student One Rivera","","Rivera","Guardian One ","","",""
"10/05/2021 at 2:56 pm","Taylor","Cooper","user051@example.com","user051@example.com","Parent/guardian","","Cash","2021 - 2022","$30.00","","No","2","user051b@example.com","Student One Cooper","Student Two Cooper","Cooper","Guardian One","","","K","",""
"10/05/2021 at 2:50 pm","Cameron","Richardson","user052@example.com","user052@example.com","Parent/guardian","","Cash","2021 - 2022","$30.00","","Yes","5","user052b@example.com","Student One Richardson","","Richardson","Guardian One","","","","",""
"10/05/2021 at 2:49 pm","Riley","Cox","user053@example.com","user053@example.com","Parent/guardian","","Cash","2021 - 2022","$100.00","","Yes","3","user053b@example.com","Student One Cox","Student Two Cox","Cox","Guardian One ","","","2","",""
"10/05/2021 at 2:37 pm","Blake","Howard","user054@example.com","user054@example.com","Parent/guardian","","Cash","2021 - 2022","$30.00","","No","4","","Student One Howard","","","","","","","",""
"10/05/2021 at 2:31 pm","Avery","Ward","user055@example.com","user055@example.com","Parent/guardian","","Cash","2021 - 2022","$30.00","","Yes","1","user055b@example.com","Student One Ward","","Ward","Guardian One","","","","",""
"10/05/2021 at 2:27 pm","Quinn","Torres","user056@example.com","user056@example.com","Parent/guardian","","Cash","2021 - 2022","$12.00","","Yes","","","Student One Torres","","","","4","","","",""
"10/03/2021 at 10:44 pm","Sage","Peterson","user057@example.com","","Other","","Cash","2021 - 2022","$10.00","","No","","","","","","","","","","",""
"10/03/2021 at 10:42 pm","River","Gray","user058@example.com","","Grandparent","3665","Check","2021 - 2022","$10.00","","No","","","","","","","","","","",""
"10/03/2021 at 10:40 pm","Dana","Ramirez","user059@example.com","","Parent/guardian","219","Check","2021 - 2022","$30.00","","No","K","","Student One Ramirez","","","","","","","",""
"09/28/2021 at 10:36 am","Robin","James","user060@example.com","5570000000","Parent/guardian","","Store Purchase","2021 - 2022","$30.00","","Yes","1","user060b@example.com","Student One James","","James","Guardian One","","","","",""
"09/25/2021 at 11:35 pm","Skyler","Watson","user061@example.com","5571111111","Parent/guardian","","Store Purchase","2021 - 2022","$30.00","","No","4","user061b@example.com","Student One Watson","","Watson","Guardian One","","","","",""
"09/23/2021 at 11:29 am","Parker","Brooks","user062@example.com","5572222222","Parent/guardian","","Store Purchase","2021 - 2022","$12.00","","Yes","","","Student One Brooks","Student Two Brooks","","","3","1","","",""
"09/22/2021 at 8:41 pm","Reese","Chavez","user063@example.com","","Faculty/staff","","Store Purchase","2021 - 2022","$10.00","","","","","","","","","","","","",""
"09/22/2021 at 10:22 am","Emerson","Bennett","user064@example.com","5573333333","Parent/guardian","","Cash","2021 - 2022","$75.00","","No","5","user064b@example.com","Student One Bennett"," Student Two Bennett","Bennett","Guardian One","","","1","",""
"09/22/2021 at 8:37 am","Indigo","Wood","user065@example.com","5574444444","Faculty/staff","","Store Purchase","2021 - 2022","$10.00","","","","","","","","","","","","",""
"09/21/2021 at 8:31 pm","Ocean","Barnes","user066@example.com","5575555555","Parent/guardian","","Store Purchase","2021 - 2022","$30.00","","Yes","3","user066b@example.com","Student One Barnes","","Barnes","Guardian One","","","","",""
"09/19/2021 at 5:46 pm","Spencer","Ross","user067@example.com","5576666666","Parent/guardian","","Store Purchase","2021 - 2022","$30.00","","No","K","user067b@example.com","Student One Ross","","Ross","Guardian One","","","","",""
"09/19/2021 at 10:33 am","Charlie","Henderson","user068@example.com","user068@example.com","Parent/guardian","","Cash","2021 - 2022","$30.00","","Yes","3","user068b@example.com","Student One Henderson","Student Two Henderson","Henderson","Guardian One","","","5","",""
"09/19/2021 at 10:30 am","Sloan","Coleman","user069@example.com","user069@example.com","Parent/guardian","","Cash","2021 - 2022","$30.00","","Yes","3","user069b@example.com","Student One Coleman","","Coleman","Guardian One","","","","",""
"09/19/2021 at 10:27 am","Blake","Jenkins","user070@example.com","user070@example.com","Parent/guardian","","Cash","2021 - 2022","$75.00","","Yes","K","user070b@example.com","Student One Jenkins","Student Two Jenkins","Jenkins","Guardian One","","","2","",""
"09/19/2021 at 10:22 am","Casey","Perry","user071@example.com","user071@example.com","Parent/guardian","","Cash","2021 - 2022","$30.00","","Yes","2","user071b@example.com","Student One Perry","","Perry","Guardian One","","","","",""
"09/19/2021 at 10:20 am","Jordan","Powell","user072@example.com","user072@example.com","Parent/guardian","","Cash","2021 - 2022","$30.00","","Yes","5","","Student One Powell ","Student Two Powell","user072@example.com","Guardian One Powell","","","3","",""
"09/19/2021 at 10:18 am","Morgan","Long","user073@example.com","user073@example.com","Parent/guardian","","Cash","2021 - 2022","$75.00","","Yes","K","user073b@example.com","Student One Long","Student Two Long","Long","Guardian One ","","","2","",""
"09/19/2021 at 10:15 am","Taylor","Patterson","user074@example.com","user074@example.com","Parent/guardian","","Cash","2021 - 2022","$30.00","","Yes","4","user074b@example.com","Student One Patterson","","Patterson","Guardian One","","","","",""
"09/19/2021 at 10:13 am","Cameron","Hughes","user075@example.com","user075@example.com","Parent/guardian","","Cash","2021 - 2022","$30.00","","Yes","1","","Student One Hughes","","","Guardian One","","","","",""
"09/19/2021 at 10:09 am","Riley","Flores","user076@example.com","user076@example.com","Parent/guardian","","Cash","2021 - 2022","$12.00","","Yes","","","Student One Flores","","","","3","","","",""
"09/19/2021 at 10:07 am","Blake","Washington","user077@example.com","user077@example.com","Parent/guardian","","Cash","2021 - 2022","$30.00","","No","3","user077b@example.com","Student One Washington","","Washington","Guardian One ","","","","",""
"09/19/2021 at 10:04 am","Avery","Butler","user078@example.com","user078@example.com","Parent/guardian","","Cash","2021 - 2022","$12.00","","No","","","Student One Butler","","","","2","","","",""
"09/19/2021 at 10:02 am","Quinn","Simmons","user079@example.com","user079@example.com","Parent/guardian","","Cash","2021 - 2022","$75.00","","Yes","1","user079b@example.com","Student One Simmons","","Simmons","Guardian One","","","","",""
"09/19/2021 at 10:00 am","Sage","Bryant","user080@example.com","user080@example.com","Parent/guardian","","Cash","2021 - 2022","$30.00","","No","2","user080b@example.com","Student One Bryant","Student Two Bryant","Bryant","Guardian One ","","","4","",""
"09/19/2021 at 9:39 am","River","Alexander","user081@example.com","","Parent/guardian","","Cash","2021 - 2022","$30.00","","No","5","","Student One Alexander","","Alexander","Guardian One","","","","",""
"09/19/2021 at 9:35 am","Dana","Russell","user082@example.com","user082@example.com","Parent/guardian","","Cash","2021 - 2022","$75.00","","Yes","K","user082b@example.com","Student One Russell","Student Two Russell","Russell","Guardian One","","","2","5","Student Three Russell "
"09/19/2021 at 9:32 am","Robin","Griffin ","user083@example.com","user083@example.com","Parent/guardian","","Cash","2021 - 2022","$30.00","Voided","Yes","K","user083b@example.com","Student One Griffin","Student Two Griffin","Griffin","Guardian One ","","","2","5","Student Three Griffin"
"09/19/2021 at 9:29 am","Skyler","Hayes","user084@example.com","user084@example.com","Parent/guardian","","Cash","2021 - 2022","$75.00","","No","","","Student One Hayes","Student Two Hayes","","","1","4","","",""
"09/19/2021 at 9:27 am","Parker","Myers","user085@example.com","user085@example.com","Parent/guardian","","Cash","2021 - 2022","$30.00","","Yes","4","user085b@example.com","Student One Myers","","Myers","Guardian One ","","","","",""
"09/19/2021 at 9:00 am","Reese","Ford","user086@example.com","5570000001","Parent/guardian","","Cash","2021 - 2022","$75.00","","Yes","","","Student One Ford","","","","1","","","",""
"09/19/2021 at 8:56 am","Emerson","Hamilton","user087@example.com","","Parent/guardian","","Cash","2021 - 2022","$100.00","","Yes","K","user087b@example.com","Student One Hamilton","Student Two Hamilton","Hamilton","Guardian One","","","3","",""
"09/19/2021 at 8:11 am","Indigo","Graham","user088@example.com","5570000002","Parent/guardian","","Cash","2021 - 2022","$75.00","","No","","","Student One Graham","Student Two Graham","","","4","K","","",""
"09/16/2021 at 10:23 pm","Ocean","Sullivan","user089@example.com","","Parent/guardian","","Cash","2021 - 2022","$30.00","","Yes","2","","Student One Sullivan","Student Two Sullivan","Sullivan","Guardian One","","","K","",""
"09/16/2021 at 12:16 pm","Spencer","Wallace","user090@example.com","5570000003","Faculty/staff","","Store Purchase","2021 - 2022","$10.00","","","","","","","","","","","","",""
"09/15/2021 at 2:36 pm","Charlie","Woods","user091@example.com","5570000004","Faculty/staff","","Store Purchase","2021 - 2022","$10.00","","","","","","","","","","","","",""
"09/15/2021 at 1:38 pm","Sloan","Cole","user092@example.com","5570000005","Parent/guardian","","Store Purchase","2021 - 2022","$30.00","","Yes","K","","Student One Cole","","","","","","","",""
"09/15/2021 at 1:23 pm","Blake","West","user093@example.com","5570000006","Faculty/staff","","Store Purchase","2021 - 2022","$10.00","","","","","","","","","","","","",""
"09/15/2021 at 1:07 pm","Casey","Jordan","user094@example.com","","Faculty/staff","","Store Purchase","2021 - 2022","$10.00","","","","","","","","","","","","",""
"09/15/2021 at 5:00 am","Jordan","Owens","user095@example.com","5570000007","Parent/guardian","","Store Purchase","2021 - 2022","$30.00","","Yes","K","user095b@example.com","Student One Owens","Student Two Owens","Owens","Guardian One","","","3","",""
"09/14/2021 at 8:39 pm","Morgan","Reynolds","user096@example.com","5570000008","Faculty/staff","5337","Check","2021 - 2022","$10.00","","","","","","","","","","","","",""
"09/14/2021 at 8:37 pm","Taylor","Fisher","user097@example.com","user097@example.com","Parent/guardian","507","Check","2021 - 2022","$30.00","","Yes","K","","Student One Fisher","","Fisher","Guardian One","","","","",""
"09/14/2021 at 8:32 pm","Cameron","Ellis","user098@example.com","5570000009","Parent/guardian","","Cash","2021 - 2022","$75.00","","Yes","3","user098b@example.com"," Student One Ellis","Student Two Ellis","Ellis","Guardian One","","","1","",""
"09/14/2021 at 8:28 pm","Riley","Harper","user099@example.com","5570000010","Parent/guardian","","Cash","2021 - 2022","$75.00","","Yes","2","","Student One Harper","","Harper","Guardian One","","","","",""
"09/14/2021 at 8:25 pm","Blake","Mason","user100@example.com","5570000011","Parent/guardian","","Cash","2021 - 2022","$100.00","","Yes","3","","Student One Mason","Student Two Mason","Mason","Guardian One","","","1","",""
"09/14/2021 at 8:18 pm","Avery","Palmer","user101@example.com","5570000012","Parent/guardian","","Cash","2021 - 2022","$75.00","","No","K","user101b@example.com"," Student One Palmer","","Palmer","Guardian One","","","","","",""
"09/14/2021 at 8:10 pm","Quinn","Rice","user102@example.com","5570000013","Parent/guardian","","Cash","2021 - 2022","$100.00","","No","3","user102b@example.com","Student One Rice","","Rice","Guardian One","","","","","",""
"09/14/2021 at 8:00 pm","Sage","Rose","user103@example.com","5570000014","Parent/guardian","","Cash","2021 - 2022","$75.00","","Yes","","","Student One Rose","","","","3","","","","",""
"09/14/2021 at 7:22 pm","River","Stone","user104@example.com","5570000015","Parent/guardian","","Cash","2021 - 2022","$100.00","","No","3","user104b@example.com","Student One Stone","Student Two Stone","Stone","Guardian One","","","K","","",""
"09/14/2021 at 4:35 pm","Dana","Salazar","user105@example.com","5570000016","Parent/guardian","","Store Purchase","2021 - 2022","$30.00","","Yes","5","user105b@example.com","Student One Salazar","","Salazar","Guardian One","","","","","",""
"09/14/2021 at 11:07 am","Robin","Shelton","user106@example.com","555-7058813","Faculty/staff","","Store Purchase","2021 - 2022","$10.00","","","","","","","","","","","","","",""
"09/13/2021 at 6:30 pm","Skyler","Pittman","user107@example.com","5570000017","Parent/guardian","","Store Purchase","2021 - 2022","$30.00","","Yes","2","user107b@example.com","Student One Pittman","Student Two Pittman","Pittman","Guardian One","","","K","","",""
"09/13/2021 at 6:13 pm","Parker","Ramirez","user108@example.com","1234567890","Faculty/staff","","Store Purchase","2021 - 2022","$10.00","","","","","","","","","","","","","",""
"09/13/2021 at 3:44 pm","Reese","Valencia","user109@example.com","555-7150398","Parent/guardian","","Store Purchase","2021 - 2022","$30.00","","Yes","1","user109b@example.com","Student One Valencia","","Valencia","Guardian One","","","","","",""
"09/12/2021 at 10:45 pm","Emerson","Garza","user110@example.com","5570000018","Parent/guardian","","Store Purchase","2021 - 2022","$30.00","","Yes","4","user110b@example.com","Student One Garza","","Garza","Guardian One","","","","","",""
"09/12/2021 at 5:51 pm","Indigo","Haynes","user111@example.com","5570000019","Parent/guardian","","Store Purchase","2021 - 2022","$30.00","","Yes","5","user111b@example.com","Student One Haynes","Student Two Haynes","Haynes","Guardian One","","","3","","",""
"09/12/2021 at 1:55 pm","Ocean","Miles","user112@example.com","5570000020","Faculty/staff","","Store Purchase","2021 - 2022","$10.00","","","","","","","","","","","","","",""
"09/12/2021 at 9:38 am","Spencer","Roe","user113@example.com","555-7067926","Parent/guardian","","Store Purchase","2021 - 2022","$30.00","","Yes","4","user113b@example.com","Student One Roe","","Roe","Guardian One","","","","","",""
"09/11/2021 at 9:25 am","Charlie","Schroeder","user114@example.com","5570000021","Parent/guardian","","Store Purchase","2021 - 2022","$30.00","","Yes","K","user114b@example.com","Student One Schroeder","","Schroeder","Guardian One ","","","","","",""
"09/10/2021 at 8:03 pm","Sloan","Dunn","user115@example.com","5570000022","Parent/guardian","","Store Purchase","2021 - 2022","$30.00","","Yes","5","user115b@example.com","Student One Dunn","","Dunn","Guardian One","","","","","",""
"09/10/2021 at 6:50 pm","Blake","Reeves","user116@example.com","5570000023","Parent/guardian","","Store Purchase","2021 - 2022","$12.00","","Yes","","","Student One Reeves","","","","4","","","","",""
"09/10/2021 at 6:24 pm","Casey","Medina","user117@example.com","5570000024","Parent/guardian","","Store Purchase","2021 - 2022","$30.00","","Yes","1","user117b@example.com","Student One Medina ","","Medina","Guardian One","","","","","",""
"09/10/2021 at 3:18 pm","Jordan","Riggs","user118@example.com","5570000025","Parent/guardian","","Store Purchase","2021 - 2022","$30.00","","No","4","user118b@example.com","Student One Riggs ","Student Two Riggs ","Riggs","Guardian One","","","1","","",""
"09/10/2021 at 7:58 am","Morgan","Spence","user119@example.com","5570000026","Faculty/staff","","Store Purchase","2021 - 2022","$10.00","","","","","","","","","","","","","",""
"09/09/2021 at 4:05 pm","Taylor","Shields ","user120@example.com","555-7145945","Parent/guardian","","Store Purchase","2021 - 2022","$30.00","","Yes","3","","Student One Shields ","","Shields","Guardian One","","","","","",""
"09/09/2021 at 2:21 pm","Cameron","Pace","user121@example.com","555-7175870","Parent/guardian","","Store Purchase","2021 - 2022","$30.00","","Yes","2","user121b@example.com","Student One Pace","","Pace ","Guardian One","","","","","",""
"09/09/2021 at 9:55 am","Riley","Mccoy","user122@example.com","5570000027","Parent/guardian","","Store Purchase","2021 - 2022","$30.00","","Yes","1","user122b@example.com","Student One Mccoy","","Mccoy","Guardian One","","","","","",""
"09/08/2021 at 11:49 pm","Blake","Davenport","user123@example.com","555-7188377","Parent/guardian","","Store Purchase","2021 - 2022","$30.00","","Yes","2","","Student One Davenport","","","","","","","","",""
"09/08/2021 at 8:08 pm","Avery","Mullins","user124@example.com","5570000028","Parent/guardian","","Store Purchase","2021 - 2022","$30.00","","Yes","5","user124b@example.com","Student One Mullins","Student Two Mullins","Mullins","Guardian One","","","3","K","Student Three Mullins",""
"09/08/2021 at 7:52 pm","Quinn","Park","user125@example.com","555-7263544","Parent/guardian","","Store Purchase","2021 - 2022","$30.00","","Yes","3","","Student One Park","","Park","Guardian One","","","","","",""
"09/08/2021 at 7:41 pm","Sage","Morrison","user126@example.com","5570000029","Parent/guardian","","Store Purchase","2021 - 2022","$30.00","","No","1","user126b@example.com","Student One Morrison","","Morrison","Guardian One","","","","","",""
"09/08/2021 at 7:05 pm","River","Frazier","user127@example.com","5570000030","Parent/guardian","","Store Purchase","2021 - 2022","$12.00","","Yes","","","Student One Frazier","Student Two Frazier","","","1","3","","","",""
"09/08/2021 at 9:02 am","Dana","Underwood","user128@example.com","5570000031","Parent/guardian","","Store Purchase","2021 - 2022","$30.00","","Yes","K","user128b@example.com","Student One Underwood","","Underwood","Guardian One","","","","","",""
"09/07/2021 at 6:56 pm","Robin","Bowman","user129@example.com","5570000032","Parent/guardian","","Store Purchase","2021 - 2022","$30.00","","Yes","2","user129b@example.com","Student One Bowman","","Bowman","Guardian One ","","","","","",""
"09/07/2021 at 2:34 pm","Skyler","Mann","user130@example.com","555-7140467","Parent/guardian","","Store Purchase","2021 - 2022","$30.00","","Yes","3","user130b@example.com","Student One Mann","","Mann","Guardian One","","","","","",""
"09/07/2021 at 1:13 pm","Parker","Benson","user131@example.com","5570000033","Parent/guardian","","Store Purchase","2021 - 2022","$30.00","","No","5","user131b@example.com","Student One Benson","","Benson","Guardian One","","","","","",""
"09/07/2021 at 11:58 am","Reese","Duncan","user132@example.com","555-7175997","Parent/guardian","","Store Purchase","2021 - 2022","$30.00","","Yes","4","user132b@example.com","Student One Duncan","","Duncan","Guardian One ","","","","","",""
"09/07/2021 at 9:54 am","Emerson","Holland","user133@example.com","555-7165569","Faculty/staff","","Store Purchase","2021 - 2022","$10.00","","","","","","","","","","","","","",""
"09/06/2021 at 9:46 pm","Indigo","Graves ","user134@example.com","5570000034","Parent/guardian","","Store Purchase","2021 - 2022","$30.00","","Yes","2","user134b@example.com","Student One Graves ","Student Two Graves ","Graves ","Guardian One ","","","K","","",""
"09/06/2021 at 6:55 pm","Ocean","Bishop","user135@example.com","5570000035","Faculty/staff","","Store Purchase","2021 - 2022","$10.00","","","","","","","","","","","","","",""
"09/06/2021 at 2:39 pm","Spencer","Waller","user136@example.com","555-7168612","Parent/guardian","","Store Purchase","2021 - 2022","$30.00","","Yes","4","user136b@example.com","Student One Waller","Student Two Waller","Waller","Guardian One","","","1","","",""
"09/06/2021 at 1:58 pm","Charlie","Gilmore","user137@example.com","555-7153283","Parent/guardian","","Store Purchase","2021 - 2022","$30.00","","Yes","2","","Student One Gilmore","Student Two Gilmore","Gilmore","Guardian One","","","K","","",""
"09/06/2021 at 11:11 am","Sloan","Dougherty","user138@example.com","5570000036","Parent/guardian","","Cash","2021 - 2022","$75.00","","Yes","1","","Student One Dougherty","","Dougherty","Guardian One","","","","","",""
"09/06/2021 at 11:11 am","Blake","Acosta","user139@example.com","5570000037","Faculty/staff","","Store Purchase","2021 - 2022","$10.00","","","","","","","","","","","","","",""
"09/06/2021 at 11:08 am","Casey","Mckinney","user140@example.com","5570000038","Parent/guardian","","Cash","2021 - 2022","$150.00","","Yes","5","user140b@example.com","Student One Mckinney"," Student Two Mckinney","Mckinney ","Guardian One","","","3","","",""
"09/06/2021 at 11:05 am","Jordan","Deleon","user141@example.com","5570000039","Parent/guardian","","Cash","2021 - 2022","$75.00","","Yes","2","user141b@example.com","Student One Deleon","","Deleon","Guardian One","","","","","",""
"09/06/2021 at 11:03 am","Morgan","Nolan","user142@example.com","user142@example.com","Parent/guardian","","Cash","2021 - 2022","$75.00","","Yes","2","user142b@example.com","Student One Nolan","","Nolan","Guardian One","","","","","",""
"09/06/2021 at 11:00 am","Taylor","Carrillo","user143@example.com","5570000040","Parent/guardian","","Cash","2021 - 2022","$75.00","","Yes","K","user143b@example.com","Student One Carrillo","","Carrillo","Guardian One","","","","","",""
"09/06/2021 at 10:55 am","Cameron","Espinosa","user144@example.com","5570000041","Parent/guardian","","Cash","2021 - 2022","$75.00","","Yes","3","user144b@example.com","Student One Espinosa","Student Two Espinosa ","Espinosa","Guardian One","","","5","","Student Three Espinosa ",""
"09/06/2021 at 10:52 am","Riley","Cain","user145@example.com","5570000042","Parent/guardian","","Cash","2021 - 2022","$75.00","","Yes","4"," user145b@example.com","Student One Cain","","Cain","Guardian One","","","","","",""
"09/06/2021 at 10:47 am","Blake","Powers","user146@example.com","5570000043","Parent/guardian","","Cash","2021 - 2022","$100.00","","Yes","4","user146b@example.com","Student One Powers","Student Two Powers","Powers","Guardian One","","","4","","",""
"09/06/2021 at 10:44 am","Avery","Steele","user147@example.com","5570000044","Parent/guardian","","Cash","2021 - 2022","$75.00","","Yes","K"," user147b@example.com"," Student One Steele","","Steele","Guardian One","","","","","",""
"09/06/2021 at 10:41 am","Quinn","Horne ","user148@example.com","5570000045","Parent/guardian","","Cash","2021 - 2022","$80.00","","No","","","Student One Horne","Student Two Horne ","","","5","3","","","",""
"09/06/2021 at 10:36 am","Sage","Snow","user149@example.com","5570000046","Parent/guardian","","Cash","2021 - 2022","$75.00","","Yes","5","user149b@example.com","Student One Snow","Student Two Snow","Snow","Guardian One","","","2","","",""
"09/06/2021 at 10:33 am","River","Sutton","user150@example.com","5570000047","Parent/guardian","","Cash","2021 - 2022","$75.00","","Yes","3","user150b@example.com","Student One Sutton","Student Two Sutton","Sutton","Guardian One","","","1","","",""
"09/06/2021 at 10:29 am","Dana","Weaver","user151@example.com","5570000048","Parent/guardian","","Cash","2021 - 2022","$75.00","","No","5","user151b@example.com","Student One Weaver","","Weaver","Guardian One ","","","","","",""
"09/06/2021 at 10:27 am","Robin","Isaac","user152@example.com","5570000049","Parent/guardian","","Cash","2021 - 2022","$75.00","","Yes","3","","Student One Isaac","Student Two Isaac","Isaac","Guardian One ","","","2","","",""
"09/06/2021 at 9:12 am","Skyler","Atkinson","user153@example.com","555-7146755","Parent/guardian","","Store Purchase","2021 - 2022","$30.00","","No","5","user153b@example.com","Student One Atkinson","","Atkinson","Guardian One","","","","","",""
"09/04/2021 at 7:32 pm","Parker","Hale","user154@example.com","5570000050","Parent/guardian","","Store Purchase","2021 - 2022","$12.00","","Yes","","","Student One Hale","","","","2","","","","",""
"09/03/2021 at 1:57 pm","Reese","Buchanan","user155@example.com","5570000051","Parent/guardian","","Store Purchase","2021 - 2022","$30.00","","Yes","3","","Student One Buchanan ","","Buchanan","Guardian One","","","","","",""
"09/03/2021 at 1:27 pm","Emerson","Dickson","user156@example.com","555-7152281","Parent/guardian","","Store Purchase","2021 - 2022","$30.00","","No","2","","Student One Dickson","Student Two Dickson","Dickson","Guardian One","","","K","","",""
"09/03/2021 at 1:07 pm","Indigo","Mcconnell","user157@example.com","5570000052","Parent/guardian","","Store Purchase","2021 - 2022","$30.00","","Yes","1","user157b@example.com","Student One Mcconnell","","Mcconnell","Guardian One","","","","","",""
"09/03/2021 at 12:47 pm","Ocean","Gibbs","user158@example.com","5570000053","Parent/guardian","","Store Purchase","2021 - 2022","$30.00","","Yes","5","user158b@example.com ","Student One Gibbs ","Student Two Gibbs ","Gibbs ","Guardian One","","","3","","",""
"09/03/2021 at 12:28 pm","Spencer","Mcintyre","user159@example.com","5570000054","Parent/guardian","","Store Purchase","2021 - 2022","$30.00","","Yes","4","user159b@example.com","Student One Mcintyre","Student Two Mcintyre","Mcintyre","Guardian One","","","2","","",""
"09/03/2021 at 12:00 pm","Charlie","Ortiz","user160@example.com","555-7186622","Parent/guardian","","Store Purchase","2021 - 2022","$30.00","","Yes","4","user160b@example.com","Student One Ortiz","","Ortiz","Guardian One","","","","","",""
"09/02/2021 at 8:44 pm","Sloan","Curry","user161@example.com","5570000055","Parent/guardian","","Store Purchase","2021 - 2022","$30.00","","Yes","K","user161b@example.com","Student One Curry","","Curry","Guardian One","","","","","",""
"09/02/2021 at 8:26 pm","Blake","Dalton","user162@example.com","5570000056","Parent/guardian","","Store Purchase","2021 - 2022","$30.00","","No","5","user162b@example.com","Student One Dalton","","Dalton","Guardian One","","","","","",""
"09/02/2021 at 2:32 pm","Casey","Morse","user163@example.com","5570000057","Parent/guardian","","Store Purchase","2021 - 2022","$30.00","","Yes","5","user163b@example.com","Student One Morse","","Morse","Guardian One","","","","","",""
"09/02/2021 at 1:20 pm","Jordan","Moon","user164@example.com","5570000058","Parent/guardian","","Store Purchase","2021 - 2022","$30.00","","Yes","1","user164b@example.com","Student One Moon ","","Moon","Guardian One","","","","","",""
"09/02/2021 at 11:36 am","Morgan","Delgado","user165@example.com","5570000059","Parent/guardian","","Store Purchase","2021 - 2022","$30.00","","Yes","1","","Student One Delgado","","","Guardian One Smith","","","","","",""
"09/02/2021 at 10:39 am","Taylor","Walls","user166@example.com","5570000060","Parent/guardian","","Store Purchase","2021 - 2022","$30.00","","Yes","5","user166b@example.com","Student One Walls","Student Two Walls","Walls","Guardian One","","","K","","",""
"09/02/2021 at 10:21 am","Cameron","Hammond","user167@example.com","5570000061","Parent/guardian","","Store Purchase","2021 - 2022","$30.00","","Yes","2","user167b@example.com","Student One Hammond","Student Two Hammond","Hammond","Guardian One","","","K","","",""
"09/02/2021 at 10:17 am","Riley","Galloway","user168@example.com","5570000062","Parent/guardian","","Store Purchase","2021 - 2022","$30.00","","Yes","K","user168b@example.com","Student One Galloway","","Galloway","Guardian One","","","","","",""
"09/01/2021 at 9:44 am","Blake","Perkins","user169@example.com","5570000063","Parent/guardian","","Store Purchase","2021 - 2022","$12.00","","No","","","Student One Perkins","","","","2","","","","",""
"09/01/2021 at 7:41 am","Avery","Kramer","user170@example.com","555-7178276","Parent/guardian","","Store Purchase","2021 - 2022","$30.00","","","2","user170b@example.com","Student One Kramer ","","Kramer ","Guardian One ","","","","","",""
"08/31/2021 at 8:21 pm","Quinn","Houston","user171@example.com","5570000064","Faculty/staff","","Store Purchase","2021 - 2022","$10.00","","","","","","","","","","","","","",""
"08/31/2021 at 12:54 pm","Sage","Wheeler","user172@example.com","555-7173159","Parent/guardian","","Store Purchase","2021 - 2022","$30.00","","Yes","4","user172b@example.com","Student One Wheeler ","","Wheeler","Guardian One","","","","","",""
"08/31/2021 at 11:05 am","River","Ray","user173@example.com","5570000065","Faculty/staff","","Store Purchase","2021 - 2022","$10.00","","","","","","","","","","","","","",""
"08/30/2021 at 2:19 pm","Dana","Kelley","user174@example.com","5570000066","Parent/guardian","","Store Purchase","2021 - 2022","$30.00","","Yes","5","user174b@example.com","Student One Kelley","Student Two Kelley","Kelley","Guardian One","","","5","","",""
"08/30/2021 at 10:21 am","Robin","Few","user175@example.com","5570000067","Parent/guardian","","Store Purchase","2021 - 2022","$30.00","","Yes","2","","Student One Few","","Few","Guardian One","","","","","",""
"08/29/2021 at 5:44 pm","Skyler","Hawkins","user176@example.com","5570000068","Faculty/staff","","Store Purchase","2021 - 2022","$10.00","","","","","","","","","","","","","",""
"08/29/2021 at 3:43 pm","Parker","Brennan ","user177@example.com","5570000069","Faculty/staff","","Store Purchase","2021 - 2022","$10.00","","","","","","","","","","","","","",""
"08/27/2021 at 7:39 am","Reese","Kerr","user178@example.com","5570000070","Parent/guardian","","Store Purchase","2021 - 2022","$30.00","","No","5","user178b@example.com","Student One Kerr","Student Two Kerr","Kerr","Guardian One","","","3","","",""
"08/26/2021 at 8:39 pm","Emerson","Gamble","user179@example.com","555-7173953","Parent/guardian","","Store Purchase","2021 - 2022","$12.00","","Yes","","","Student One Gamble","","","","2","","","","",""
"08/26/2021 at 8:10 pm","Indigo","Goode","user180@example.com","555-7199507","Faculty/staff","","Store Purchase","2021 - 2022","$10.00","","","","","","","","","","","","","",""
"08/26/2021 at 3:15 pm","Ocean","Frazier","user181@example.com","5570000071","Parent/guardian","","Store Purchase","2021 - 2022","$30.00","","No","2","user181b@example.com","Student One Frazier","","Frazier","Guardian One","","","","","",""
"08/26/2021 at 1:21 pm","Spencer","Dunlap","user182@example.com","5570000072","Faculty/staff","","Store Purchase","2021 - 2022","$10.00","","","","","","","","","","","","","",""
"08/25/2021 at 10:09 pm","Charlie","Gentry","user183@example.com","555-7159415","Faculty/staff","","Store Purchase","2021 - 2022","$10.00","","","","","","","","","","","","","",""
"08/25/2021 at 3:18 pm","Sloan","Carson","user184@example.com","555-7168920","Parent/guardian","","Store Purchase","2021 - 2022","$30.00","","","5","","Student One Carson","","Briones","Guardian One ","","","","","",""
"08/25/2021 at 2:42 pm","Blake","Hicks","user185@example.com","","Faculty/staff","","Store Purchase","2021 - 2022","$10.00","","","","","","","","","","","","","",""
"08/24/2021 at 2:00 pm","Casey","Gould","user186@example.com","user186@example.com","Parent/guardian","","Cash","2021 - 2022","$75.00","","","3","user186b@example.com","Student One Gould","","Gould","Guardian One ","","","","","",""
"08/24/2021 at 1:43 pm","Jordan","Chandler","user187@example.com","user187@example.com","Parent/guardian","","Cash","2021 - 2022","$75.00","","No","","","Student One Chandler","Student Two Chandler","","","4","2","","","",""
"08/24/2021 at 1:38 pm","Morgan","Barr","user188@example.com","user188@example.com","Parent/guardian","","Cash","2021 - 2022","$30.00","","Yes","4","user188b@example.com","Student One Barr","","Barr","Guardian One","","","","","",""
"08/24/2021 at 12:56 pm","Taylor","Beach","user189@example.com","5570000073","Faculty/staff","","Store Purchase","2021 - 2022","$10.00","","","","","","","","","","","","","",""
"08/24/2021 at 11:03 am","Cameron","Benson","user190@example.com","5555555555","Faculty/staff","","Store Purchase","2021 - 2022","$10.00","","","","","","","","","","","","","",""
"08/24/2021 at 9:07 am","Riley","Daniel","user191@example.com","5570000074","Faculty/staff","","Store Purchase","2021 - 2022","$10.00","","","","","","","","","","","","","",""
"08/23/2021 at 11:21 am","Blake","Hodges","user192@example.com","5570000075","Faculty/staff","","Store Purchase","2021 - 2022","$10.00","","","","","","","","","","","","","",""
"08/21/2021 at 10:34 pm","Avery","Silva","user193@example.com","","Parent/guardian","","Store Purchase","2021 - 2022","$30.00","","Yes","4","","Student One Silva","Student Two Silva","Silva","Guardian One","","","2","","",""
"08/19/2021 at 12:01 pm","Quinn","Lucero","user194@example.com","5570000076","Faculty/staff","","Store Purchase","2021 - 2022","$10.00","","","","","","","","","","","","","",""
"08/19/2021 at 11:04 am","Sage","Traylor","user195@example.com","","Faculty/staff","","Store Purchase","2021 - 2022","$10.00","","","","","","","","","","","","","",""
"08/19/2021 at 9:48 am","River","Pratt","user196@example.com","5570000077","Parent/guardian","","Store Purchase","2021 - 2022","$30.00","Voided","Yes","5","user196b@example.com","Student One Pratt","","Pratt","Guardian One ","","","","","",""
"08/18/2021 at 10:55 pm","Dana","Marsh","user197@example.com","","Parent/guardian","","Cash","2021 - 2022","$75.00","","Yes","3","","Student One Marsh","","","","","","","","",""
"08/18/2021 at 10:47 am","Robin","Nunez","user198@example.com","5570000078","Faculty/staff","","Store Purchase","2021 - 2022","$10.00","","","","","","","","","","","","","",""
"08/18/2021 at 8:53 am","Skyler","Vargas","user199@example.com","","Parent/guardian","","Store Purchase","2021 - 2022","$12.00","","Yes","","","Student One Vargas","","","","4","","","","",""
"08/18/2021 at 5:17 am","Parker","Vidal","user200@example.com","555-7147247","Parent/guardian","","Store Purchase","2021 - 2022","$12.00","","No","","","Student One Vidal","","","","2","","","","",""
"08/17/2021 at 10:32 pm","Reese","Salazar","user201@example.com","5570000079","Faculty/staff","","Store Purchase","2021 - 2022","$10.00","","","","","","","","","","","","","",""
"08/17/2021 at 8:33 pm","Emerson","Martinez","user202@example.com","5570000080","Faculty/staff","","Store Purchase","2021 - 2022","$10.00","","","","","","","","","","","","","",""
"08/13/2021 at 10:37 pm","Indigo","Koch","user203@example.com","","Parent/guardian","","Cash","2021 - 2022","$12.00","","Yes","","","Student One Koch","","","","1","","","","",""
"08/11/2021 at 3:37 pm","Ocean","Williamson","user204@example.com","5570000081","Parent/guardian","","Store Purchase","2021 - 2022","$30.00","","","1","user204b@example.com","Student One Williamson","","Williamson","Guardian One","","","","","",""
"08/08/2021 at 9:19 pm","Spencer","Cross","user205@example.com","","Parent/guardian","","Cash","2021 - 2022","$75.00","","","K","user205b@example.com","Student One Cross","Student Two Cross","Cross","Guardian One","","","2","","",""
"08/08/2021 at 9:04 pm","Charlie","Garland","user206@example.com","","Parent/guardian","","Cash","2021 - 2022","$75.00","","","4","user206b@example.com","Student One Garland","Student Two Garland","Garland","Guardian One","","","2","","",""
"08/08/2021 at 8:57 pm","Sloan","Goodwin","user207@example.com","","Parent/guardian","","Cash","2021 - 2022","$30.00","","","K","user207b@example.com","Student One Goodwin","","Goodwin","Guardian One","","","","","",""
"08/08/2021 at 8:55 pm","Blake","Bright","user208@example.com","","Parent/guardian","","Cash","2021 - 2022","$75.00","","","K","user208b@example.com","Student One Bright","","Bright","Guardian One","","","","","",""
"08/08/2021 at 9:44 am","Casey","Hoyt","user209@example.com","5570000082","Parent/guardian","","Store Purchase","2021 - 2022","$30.00","","","K","user209b@example.com","Student One Hoyt","","Hoyt","Guardian One","","","","","",""
"07/27/2021 at 10:36 am","Jordan","Barker","user210@example.com","5570000083","Parent/guardian","","Store Purchase","2021 - 2022","$30.00","","","3","user210b@example.com","Student One Barker ","","Barker","Guardian One","","","","","",""
"07/23/2021 at 11:53 am","Morgan","Berg","user211@example.com","555-7147559","Parent/guardian","","Store Purchase","2021 - 2022","$12.00","","","","","Student One Berg","","","","K","","","","",""
"07/22/2021 at 1:54 pm","Taylor","Dalton","user212@example.com","5570000084","Parent/guardian","","Store Purchase","2021 - 2022","$30.00","","","K","user212b@example.com","Student One Dalton","","Dalton","Guardian One","","","","","",""
"07/21/2021 at 3:04 pm","Cameron","Hale","user213@example.com","5570000085","Parent/guardian","","Store Purchase","2021 - 2022","$30.00","","","2","user213b@example.com","Student One Hale","Student Two Hale","Hale","Guardian One ","","","K","","",""
"07/21/2021 at 3:04 pm","Riley","Crane","user214@example.com","5570000086","Parent/guardian","","Store Purchase","2021 - 2022","$30.00","","","2","user214b@example.com","Student One Crane","Student Two Crane","Crane","Guardian One ","","","K","","",""
"07/21/2021 at 3:04 pm","Blake","Graves","user215@example.com","5570000087","Parent/guardian","","Store Purchase","2021 - 2022","$30.00","","","2","user215b@example.com","Student One Graves","Student Two Graves","Graves","Guardian One ","","","K","","",""
"07/21/2021 at 3:04 pm","Avery","Townsend","user216@example.com","5570000088","Parent/guardian","","Store Purchase","2021 - 2022","$30.00","","","2","user216b@example.com","Student One Townsend","Student Two Townsend","Townsend","Guardian One ","","","K","","",""
"07/21/2021 at 3:04 pm","Quinn","Dorsey","user217@example.com","5570000089","Parent/guardian","","Store Purchase","2021 - 2022","$30.00","","","2","user217b@example.com","Student One Dorsey","Student Two Dorsey","Dorsey","Guardian One ","","","K","","",""
"07/21/2021 at 3:04 pm","Sage","Shaw","user218@example.com","5570000090","Parent/guardian","","Store Purchase","2021 - 2022","$30.00","","","2","user218b@example.com","Student One Shaw","Student Two Shaw","Shaw","Guardian One ","","","K","","",""
